{
    "num_rules": 90,
    "total_conditions": 345,
    "wsc": 345,
    "unique_rule_ratio": 1.0,
    "avg_jaccard_similarity": 0.03914627680545283,
    "heterogeneity_index": 0.6444444444444445,
    "subsumed_rules": 11,
    "rule_length_stats": {
        "mean": 3.8333333333333335,
        "median": 3.0,
        "std": 1.740051084818425,
        "min": 2,
        "max": 8,
        "p25": 2.0,
        "p75": 5.0,
        "p90": 6.1000000000000085
    }
}